{
  "resources": [
    "sounds.webm",
    "sounds.ogg",
    "sounds.mp3"
  ],
  "spritemap": {
    "ammo": {
      "start": 0,
      "end": 0.3657142857142857,
      "loop": false
    },
    "aug_cycle": {
      "start": 2,
      "end": 2.6481179138321993,
      "loop": false
    },
    "aug_fire_8bit": {
      "start": 4,
      "end": 4.6,
      "loop": false
    },
    "aug_fire": {
      "start": 6,
      "end": 6.668662131519274,
      "loop": false
    },
    "aug_insert_mag": {
      "start": 8,
      "end": 8.218503401360545,
      "loop": false
    },
    "aug_remove_mag": {
      "start": 10,
      "end": 10.251972789115646,
      "loop": false
    },
    "capture_spatula": {
      "start": 12,
      "end": 13.697959183673468,
      "loop": false
    },
    "cluck9mm_fire_8bit": {
      "start": 15,
      "end": 15.381496598639457,
      "loop": false
    },
    "cluck9mm_fire": {
      "start": 17,
      "end": 17.809795918367346,
      "loop": false
    },
    "cluck9mm_fire_pop": {
      "start": 19,
      "end": 19.490022675736963,
      "loop": false
    },
    "cluck9mm_fire_wand": {
      "start": 21,
      "end": 21.927120181405897,
      "loop": false
    },
    "cluck9mm_insert_mag": {
      "start": 23,
      "end": 23.75755102040816,
      "loop": false
    },
    "cluck9mm_remove_mag": {
      "start": 25,
      "end": 25.47020408163265,
      "loop": false
    },
    "csg1_fire_8bit": {
      "start": 27,
      "end": 27.58,
      "loop": false
    },
    "csg1_fire_catz": {
      "start": 29,
      "end": 29.489886621315193,
      "loop": false
    },
    "csg1_fire": {
      "start": 31,
      "end": 32.671836734693876,
      "loop": false
    },
    "csg1_pull_action": {
      "start": 34,
      "end": 34.391836734693875,
      "loop": false
    },
    "csg1_release_action": {
      "start": 36,
      "end": 36.287346938775514,
      "loop": false
    },
    "death_scream10": {
      "start": 38,
      "end": 39.22775510204082,
      "loop": false
    },
    "death_scream1": {
      "start": 41,
      "end": 42.201632653061225,
      "loop": false
    },
    "death_scream2": {
      "start": 44,
      "end": 45.30612244897959,
      "loop": false
    },
    "death_scream3": {
      "start": 47,
      "end": 47.6530612244898,
      "loop": false
    },
    "death_scream4": {
      "start": 49,
      "end": 49.522448979591836,
      "loop": false
    },
    "death_scream5": {
      "start": 51,
      "end": 51.9404081632653,
      "loop": false
    },
    "death_scream6": {
      "start": 53,
      "end": 54.071020408163264,
      "loop": false
    },
    "death_scream7": {
      "start": 56,
      "end": 57.85469387755102,
      "loop": false
    },
    "death_scream8": {
      "start": 59,
      "end": 60.12326530612245,
      "loop": false
    },
    "death_scream9": {
      "start": 62,
      "end": 63.071020408163264,
      "loop": false
    },
    "dozenGauge_close": {
      "start": 65,
      "end": 65.3134693877551,
      "loop": false
    },
    "dozenGauge_fire_8bit": {
      "start": 67,
      "end": 67.56802721088435,
      "loop": false
    },
    "dozenGauge_fire_badoosh": {
      "start": 69,
      "end": 69.55149659863946,
      "loop": false
    },
    "dozenGauge_fire": {
      "start": 71,
      "end": 72.35836734693878,
      "loop": false
    },
    "dozenGauge_load": {
      "start": 74,
      "end": 74.47020408163266,
      "loop": false
    },
    "dozenGauge_open": {
      "start": 76,
      "end": 76.47020408163266,
      "loop": false
    },
    "drop_spatula": {
      "start": 78,
      "end": 79.51510204081633,
      "loop": false
    },
    "eggk47_dry_fire": {
      "start": 81,
      "end": 81.6269387755102,
      "loop": false
    },
    "eggk47_eggk-technoskin": {
      "start": 83,
      "end": 83.39548752834467,
      "loop": false
    },
    "eggk47_fire_8bit": {
      "start": 85,
      "end": 85.37600907029478,
      "loop": false
    },
    "eggk47_fire": {
      "start": 87,
      "end": 87.6008163265306,
      "loop": false
    },
    "eggk47_full_cycle": {
      "start": 89,
      "end": 89.39183673469388,
      "loop": false
    },
    "eggk47_insert_mag": {
      "start": 91,
      "end": 91.20897959183674,
      "loop": false
    },
    "eggk47_remove_mag": {
      "start": 93,
      "end": 93.3395918367347,
      "loop": false
    },
    "grenade_beep": {
      "start": 95,
      "end": 95.15673469387755,
      "loop": false
    },
    "grenade_bloodonade": {
      "start": 97,
      "end": 98.86641723356009,
      "loop": false
    },
    "grenade_cellphone": {
      "start": 100,
      "end": 101.3675283446712,
      "loop": false
    },
    "grenade_corrupt": {
      "start": 103,
      "end": 105.12687074829932,
      "loop": false
    },
    "grenade_glitterbomb": {
      "start": 107,
      "end": 108.74687074829932,
      "loop": false
    },
    "grenade_holy": {
      "start": 110,
      "end": 112.40072562358277,
      "loop": false
    },
    "grenade": {
      "start": 114,
      "end": 116.27265306122449,
      "loop": false
    },
    "grenade_pin": {
      "start": 118,
      "end": 118.47020408163266,
      "loop": false
    },
    "grenade_skullnado": {
      "start": 120,
      "end": 122.65691609977324,
      "loop": false
    },
    "grenade_supernova": {
      "start": 124,
      "end": 126.06961451247166,
      "loop": false
    },
    "grenade_thermal": {
      "start": 128,
      "end": 130.49600907029478,
      "loop": false
    },
    "grenade_tp": {
      "start": 132,
      "end": 134.10795918367347,
      "loop": false
    },
    "grenade_unicorn": {
      "start": 136,
      "end": 138.3324036281179,
      "loop": false
    },
    "gun": {
      "start": 140,
      "end": 140.49632653061224,
      "loop": false
    },
    "hammer_click": {
      "start": 142,
      "end": 142.06637188208617,
      "loop": false
    },
    "hit": {
      "start": 144,
      "end": 144.23510204081632,
      "loop": false
    },
    "kotc_capture": {
      "start": 146,
      "end": 147.07,
      "loop": false
    },
    "kotc_capturing_opponents": {
      "start": 149,
      "end": 150.73691609977325,
      "loop": false
    },
    "kotc_capturing_player": {
      "start": 152,
      "end": 153.7,
      "loop": false
    },
    "kotc_contested": {
      "start": 155,
      "end": 155.3333560090703,
      "loop": false
    },
    "kotc_pointscore": {
      "start": 157,
      "end": 159.25,
      "loop": false
    },
    "kotc_roundend": {
      "start": 161,
      "end": 166.8,
      "loop": false
    },
    "kotc_zonespawn": {
      "start": 168,
      "end": 168.81349206349208,
      "loop": false
    },
    "m24_bolt_close": {
      "start": 170,
      "end": 170.44408163265305,
      "loop": false
    },
    "m24_bolt_open": {
      "start": 172,
      "end": 172.39183673469387,
      "loop": false
    },
    "m24_fire_8bit": {
      "start": 174,
      "end": 174.8133560090703,
      "loop": false
    },
    "m24_fire_m24_8bit": {
      "start": 176,
      "end": 176.8133560090703,
      "loop": false
    },
    "m24_fire": {
      "start": 178,
      "end": 178.9926530612245,
      "loop": false
    },
    "m24_fire_untz": {
      "start": 180,
      "end": 180.74891156462584,
      "loop": false
    },
    "pickup": {
      "start": 182,
      "end": 182.39986394557823,
      "loop": false
    },
    "rooster": {
      "start": 184,
      "end": 186.37714285714287,
      "loop": false
    },
    "rpegg_deny": {
      "start": 188,
      "end": 188.2873469387755,
      "loop": false
    },